"ST","Freq","Rank"
"d&d",7785,1
"pathfinder",2686,2
"vampire the masquerade",782,3
"call of cthulhu",632,4
"sine requie",482,5
"warhammer",436,6
"world of darkness",428,7
"cyberpunk",290,8
"ad&d",265,9
"dark heresy",196,10
"star wars",193,11
"numenera",139,12
"gurps",125,13
"vampire the requiem",109,14
"fate",101,15
"dark ages",88,16
"werewolf",80,17
"savage worlds",79,18
"exalted",78,19
"dungeon world",72,20
"zero",68,21
"mage",67,22
"rolemaster",63,23
"kult",62,24
"dark ages vampire",61,25
"one ring",58,26
"ravenloft",47,27
"rogue trader",45,28
"anime e sangue",44,29
"changeling",43,30
"shadowrun",43,31
"dragonlance",42,32
"7th sea",38,33
"ars magica",38,34
"runequest",37,35
"trail of cthulhu",35,36
"stormbringer",34,37
"deathwatch",33,38
"heroquest",31,39
"deadlands",29,40
"heroes",29,41
"hunter",28,42
"edge",27,43
"rune",26,44
"traveller",26,45
"warcraft",26,46
"eclipse phase",25,47
"game of thrones",24,48
"munchkin",24,49
"star trek",22,50
"polaris",21,51
"dogs in the vineyard",20,52
"mage the ascension",19,53
"conan",18,54
"dragon age",17,55
"blood",16,56
"black crusade",15,57
"demon",15,58
"od&d",15,59
"the strange",15,60
"werewolf the forsaken",15,61
"apocalypse world",14,62
"fate core",13,63
"mutants & masterminds",13,64
"paranoia",13,65
"degenesis",12,66
"scion",12,67
"gemini",11,68
"mutant chronicles",10,69
"trollbabe",10,70
"werewolf the apocalypse",10,71
"13th age",9,72
"monsterhearts",9,73
"nobilis",9,74
"only war",9,75
"witchcraft",9,76
"battlestar galactica",8,77
"esoterrorists",8,78
"labyrinth lord",8,79
"virtual",8,80
"destino oscuro",7,81
"fading suns",7,82
"hoard",7,83
"tales from the loop",7,84
"universe",7,85
"anima prime",6,86
"annalise",6,87
"covenant",6,88
"fiasco",6,89
"midnight",6,90
"pantheon",6,91
"pendragon",6,92
"qin",6,93
"rifts",6,94
"somalia",6,95
"burning wheel",5,96
"call of cthulhu d20",5,97
"conspiracy",5,98
"mage the awakening",5,99
"mouse guard",5,100
"msg",5,101
"my life with master",5,102
"the sprawl",5,103
"wizard",5,104
"wraith",5,105
"blades in the dark",4,106
"champions",4,107
"dark dungeons",4,108
"hunter the vigil",4,109
"marvel universe",4,110
"shock",4,111
"solar system",4,112
"talislanta",4,113
"true20",4,114
"agon",3,115
"barbarians of lemuria",3,116
"dirty secrets",3,117
"earthdawn",3,118
"elric",3,119
"engel",3,120
"fear",3,121
"fear itself",3,122
"geist",3,123
"indiana jones",3,124
"merc",3,125
"microscope",3,126
"ogre",3,127
"robotech",3,128
"spione",3,129
"spirit of the century",3,130
"supernatural",3,131
"wheel of time",3,132
"agone",2,133
"albion",2,134
"asylum",2,135
"babylon 5",2,136
"cielo cremisi",2,137
"d6 system",2,138
"deadlands reloaded",2,139
"dungeon crawl",2,140
"dust devils",2,141
"everway",2,142
"hot war",2,143
"insylum",2,144
"jovian chronicles",2,145
"kingdom",2,146
"lone wolf",2,147
"lord of the rings",2,148
"macross",2,149
"men in black",2,150
"monkey",2,151
"nostalgia la flotta nomade",2,152
"over the edge",2,153
"penny for my thoughts",2,154
"pixie",2,155
"providence",2,156
"renaissance",2,157
"renegade",2,158
"serenity",2,159
"shadows",2,160
"space opera",2,161
"spacemaster",2,162
"starquest",2,163
"tephra",2,164
"tremulus",2,165
"trinity",2,166
"tunnels & trolls",2,167
"warp",2,168
"whispering vault",2,169
"wild west",2,170
"50 fathoms",1,171
"aberrant",1,172
"alternity",1,173
"amber",1,174
"antiche leggende",1,175
"archipelago",1,176
"armageddon",1,177
"ashes",1,178
"battletech",1,179
"beast hunters",1,180
"beyond the supernatural",1,181
"bushido",1,182
"castle falkenstein",1,183
"castles & crusades",1,184
"cipher",1,185
"cold city",1,186
"comix",1,187
"continuity",1,188
"cortex",1,189
"dc heroes",1,190
"divinity",1,191
"dragon warriors",1,192
"dragonball",1,193
"dresden files",1,194
"dungeonslayers",1,195
"elfquest",1,196
"fall of magic",1,197
"fantasy craft",1,198
"fate accelerated",1,199
"fbi",1,200
"fringe",1,201
"fudge",1,202
"fuzion",1,203
"ghostbusters",1,204
"golden sky stories",1,205
"grimdark",1,206
"hellboy",1,207
"heroic fantasy",1,208
"immortal",1,209
"imperial",1,210
"in a wicked age",1,211
"in nomine",1,212
"incarna",1,213
"inquisitor",1,214
"into the odd",1,215
"kingdom of nothing",1,216
"legends of anglerre",1,217
"little fears",1,218
"maelstrom",1,219
"marvel super heroes",1,220
"mazes & minotaurs",1,221
"monster of the week",1,222
"mummy",1,223
"mummy the curse",1,224
"myth & magic",1,225
"mythic",1,226
"mythos",1,227
"night witches",1,228
"nine worlds",1,229
"outbreak",1,230
"paladin",1,231
"palladium",1,232
"paragon",1,233
"parsec",1,234
"perfect",1,235
"pirates",1,236
"primeval",1,237
"riddle of steel",1,238
"risus",1,239
"rules compendium",1,240
"runequest 6th edition",1,241
"ryuutama",1,242
"shadow of yesterday",1,243
"slug",1,244
"sorcerer",1,245
"spycraft",1,246
"tenra bansho zero",1,247
"the end",1,248
"torchbearer",1,249
"twilight 2000",1,250
"twilight imperium",1,251
"unhallowed metropolis",1,252
"unknown armies",1,253
"victoriana",1,254
"villains and vigilantes",1,255
"weird west",1,256
" feminism a nano game anthology",0,257
"...in spaaace!",0,258
"?ther",0,259
"@ctiv8",0,260
"1%er",0,261
"100 fantasy role playing game system",0,262
"100 monster bestiary",0,263
"1366",0,264
"13th year",0,265
"1632",0,266
"1879 gamemaster s guide",0,267
"1879 players guide",0,268
"2300 ad cd rom",0,269
"2320 ad",0,270
"23rd letter",0,271
"3 unnatural encounters",0,272
"3:16",0,273
"3d6 in order",0,274
"43 ad",0,275
"44 a game of automatic fear",0,276
"50 shades of vorpal",0,277
"54 fantasy",0,278
"55 below 0 and 6 feet from hell",0,279
"6d6",0,280
"6d6 core 2nd edition",0,281
"6d6 ultra lite",0,282
"7th sea compendium",0,283
"7th sea players guide",0,284
"8 bit dungeon",0,285
"a'kyria",0,286
"a gamemaster s guide to talislanta",0,287
"a kyria",0,288
"a player s guide to talislanta",0,289
"a sojourn in alexandria",0,290
"a song of ice and fire roleplaying",0,291
"a state",0,292
"a theory of fun for game design",0,293
"a time of war quick start rules",0,294
"a werewolf at prom",0,295
"abeo",0,296
"aberrant d20",0,297
"abney park's airship pirates",0,298
"abnormal",0,299
"about old storytellers or a game of campfire lore eight pages to begin",0,300
"ace agents",0,301
"aces & eights",0,302
"action castle",0,303
"action castle ii return to action castle",0,304
"action planet",0,305
"action!",0,306
"active exploits",0,307
"ad d 3rd edition players handbook",0,308
"ad d first edition dungeon masters guide",0,309
"adrift",0,310
"ads",0,311
"advanced cassiopeian empire",0,312
"advanced dungeons dragons 2nd edition player s handbook",0,313
"advanced dungeons dragons cd rom core rules",0,314
"advanced fighting fantasy",0,315
"advanced melee",0,316
"advanced phantasm adventures",0,317
"advanced wizard",0,318
"adventure writing like a fucking boss",0,319
"adventure!",0,320
"adventurer book 1 characters and conflict",0,321
"adventurer conqueror king system",0,322
"adventures dark and deep game masters toolkit",0,323
"adventures dark and deep players manual",0,324
"adventures in fantasy",0,325
"adventures in middle earth player s guide",0,326
"adventures in oz",0,327
"adventures in the east mark basic rule set",0,328
"aegis",0,329
"aeternal legends",0,330
"afg adventure fantasy game",0,331
"after the bomb",0,332
"aftermath!",0,333
"afterwars",0,334
"against the dark yogi",0,335
"against the darkness",0,336
"age of arthur",0,337
"age of empire",0,338
"age of heroes",0,339
"age of ruin",0,340
"agency",0,341
"agent x",0,342
"agents of s.w.i.n.g.",0,343
"aif",0,344
"airship troopers",0,345
"albedo",0,346
"aletheia",0,347
"alien angels",0,348
"alienor",0,349
"aliens",0,350
"all flesh must be eaten",0,351
"all for me grog",0,352
"all outta bubblegum",0,353
"alma mater",0,354
"alpha blue",0,355
"alpha chronicles",0,356
"alpha omega",0,357
"alternity adventure game starcraft edition",0,358
"alternity science fiction adventure game",0,359
"altus adventum",0,360
"am1: amazing engine system guide",0,361
"am2: for faerie, queen and country",0,362
"am3: bughunters",0,363
"am4: magitech",0,364
"am5: the galactos barrier",0,365
"am6: once and future king",0,366
"am7: metamorphosis alpha to omega",0,367
"amazing adventures",0,368
"amp year one",0,369
"ancient mysteries",0,370
"ancient odysseys",0,371
"angel",0,372
"animal rescue vigilante",0,373
"animarpg",0,374
"apes victorious",0,375
"apocalypse 2500 main rule book",0,376
"apocalypse girl",0,377
"apocalypse machine",0,378
"apocalypse prevention",0,379
"apocalypse prevention inc 2nd edition",0,380
"apocalyse d d",0,381
"apocrypha",0,382
"aquelarre",0,383
"arax",0,384
"arcana agency",0,385
"arcana unearthed",0,386
"arcane heroes",0,387
"arcanis",0,388
"arcanum",0,389
"arduin",0,390
"arduin eternal",0,391
"arduin ii ca reprint ",0,392
"aria roleplaying",0,393
"aria worlds",0,394
"armageddon: 2089",0,395
"arms law",0,396
"army ants",0,397
"army of darkness",0,398
"arrowflight",0,399
"arrows of indra",0,400
"arsenal of heaven",0,401
"artesia",0,402
"artifact",0,403
"arvandoria",0,404
"ashen stars",0,405
"aspect",0,406
"assassinx",0,407
"astral empires",0,408
"atlantasia",0,409
"atlantis",0,410
"atlantis the lost world",0,411
"atlantis the second age",0,412
"atomic highway",0,413
"atomic robo the roleplaying game",0,414
"attack of the humans",0,415
"authority",0,416
"avenngrail",0,417
"awesome adventures",0,418
"b x essentials classes and equipment",0,419
"b x essentials core rules",0,420
"baba yagar",0,421
"babylon project",0,422
"bacchanal",0,423
"backswords & bucklers",0,424
"badass",0,425
"badlands",0,426
"bandits and battlecruisers",0,427
"bandits basilisks",0,428
"baptism of fire",0,429
"barbaren",0,430
"barbarians versus",0,431
"barebones fantasy",0,432
"baron munchausen",0,433
"barony",0,434
"base raiders",0,435
"bash basic action super heroes",0,436
"bash sci fi edition",0,437
"bash!",0,438
"basic fantasy role playing game",0,439
"basic fantasy role playing game beginner s essentials",0,440
"basic role-playing",0,441
"basic roleplaying",0,442
"basic roleplaying quick start edition",0,443
"bath salts",0,444
"batman",0,445
"battle cattle",0,446
"battle royale",0,447
"battleaxe",0,448
"battleforce",0,449
"battlelords",0,450
"battlestations",0,451
"beach bunny bimbos with blasters",0,452
"bean",0,453
"beast of limfjord",0,454
"beast the primordial",0,455
"beasts, men & gods",0,456
"beat to quarters",0,457
"becoming a game of heroism and sacrifice",0,458
"becoming heroes",0,459
"bedlam",0,460
"bedlam hall",0,461
"before the flood",0,462
"behind enemy lines",0,463
"being a role playing game on the topic of the high flying adventures of beatrice henrietta bristol smythe dbe",0,464
"besm d20",0,465
"best friends",0,466
"bestial acts",0,467
"bestiary of the hyborian age",0,468
"béthorm the plane of tekumel",0,469
"better angels",0,470
"beyond mortal men extension",0,471
"beyond the wall and other adventures",0,472
"bifrost",0,473
"bifrost vol 2 combat",0,474
"bifrost volume 3 magic",0,475
"bifrost volume iv",0,476
"big eyes small mouth fast play rules",0,477
"big eyes, small mouth",0,478
"big night",0,479
"bill coffin's septimus",0,480
"black spot",0,481
"blade & crown",0,482
"blade runner",0,483
"bleake rebellion",0,484
"bleeding edge",0,485
"bliss stage",0,486
"blood & honor",0,487
"blood and bone",0,488
"blood and smoke the strix chronicle",0,489
"blood dark thirst",0,490
"blood dawn",0,491
"blood games",0,492
"blood guts glory",0,493
"blood of heroes",0,494
"blood of pangea",0,495
"blood treasure complete game",0,496
"blood treasure players tome",0,497
"blood treasure treasure keeper s tome",0,498
"bloodbath",0,499
"bloodsucker",0,500
"bloody basic classic edition",0,501
"bloody basic contemporary edition",0,502
"bloody basic mother goose edition",0,503
"bloody quest",0,504
"blowback",0,505
"blue planet",0,506
"blue planet moderator s guide",0,507
"blue rose",0,508
"blue rose second edition",0,509
"bluebeard s bride",0,510
"blueholme prentice rules",0,511
"bogeyman",0,512
"book of jalan",0,513
"boomtown planet",0,514
"boot hill",0,515
"bootleggers smuggling run",0,516
"bounty head bebop",0,517
"braggart",0,518
"braunstein ",0,519
"brave new world",0,520
"breaking the ice",0,521
"bridge across eternity",0,522
"broadsword",0,523
"broken dream",0,524
"broken gears",0,525
"broken rooms",0,526
"broken shield",0,527
"bronze",0,528
"broomstix",0,529
"broomstix and kauldronz",0,530
"brotherhood of the celestial torch",0,531
"brute squad",0,532
"bubblegum crisis",0,533
"bubblegumshoe",0,534
"buck rogers",0,535
"budget battlefield",0,536
"buffy",0,537
"building talking playing a beginner s guide to bleake rebellion",0,538
"bulldogs",0,539
"bullwinkle and rocky",0,540
"bunnies and burrows",0,541
"bureau 13",0,542
"burial at crossroads",0,543
"burning empires",0,544
"bust",0,545
"by the gods",0,546
"byron falls",0,547
"cadillacs and dinosaurs",0,548
"cadwallon",0,549
"caeron 3000",0,550
"call of cthulhu investigator handbook",0,551
"callisto",0,552
"camp myth the rpg",0,553
"candycreeps",0,554
"cannibal contagion",0,555
"capes",0,556
"capes, cowls and villains foul",0,557
"car-fu",0,558
"carryr",0,559
"cartel",0,560
"cartoon action hour",0,561
"cartoon action hour season 2 playset",0,562
"cartoon action hour season 3",0,563
"cartoon action hour season two",0,564
"castle bravo",0,565
"castle keepers guide",0,566
"castle perilous",0,567
"castlemourn",0,568
"castles crusades flip book",0,569
"castles crusades players handbook",0,570
"castles crusades quick start rules",0,571
"cat",0,572
"cathaye",0,573
"cavemaster",0,574
"chain of being",0,575
"chainmail",0,576
"chalk outlines",0,577
"challenges game system",0,578
"challenging challenge ratings",0,579
"champions complete",0,580
"champions new millennium",0,581
"champions of zed",0,582
"champions the live action roleplaying game",0,583
"changeling the dreaming",0,584
"chaos u",0,585
"character law",0,586
"character law & campaign law",0,587
"chariot fantasy roleplaying in an age of miracles",0,588
"chav",0,589
"cheap & cheesy",0,590
"chi-chian",0,591
"children of fire",0,592
"children of the sun",0,593
"chill",0,594
"chill 2nd edition",0,595
"chill intended 3rd edition ",0,596
"chill into the unknown quick start",0,597
"chill third edition",0,598
"chimaera",0,599
"chivalry & sorcery",0,600
"chivalry and sorcery",0,601
"chomp a survival horror role playing game",0,602
"chosen",0,603
"chronica feudalis",0,604
"chronicles of arax solo adventure game",0,605
"chronicles of ramlar",0,606
"chronicles of skin",0,607
"chronicles of the four dragons",0,608
"chrysalis revolt",0,609
"chthonian stars",0,610
"chuubo s marvelous wish granting engine",0,611
"cinema v?rit?",0,612
"city of birds",0,613
"city of mist",0,614
"city state of the invincible overlord",0,615
"class dismissed",0,616
"classic traveller on cd rom",0,617
"classified",0,618
"classroom deathmatch",0,619
"claw law",0,620
"clerics' sourcebook",0,621
"cloaks courts gonnes rpg",0,622
"code of unaris",0,623
"codename spandex",0,624
"codex martialis",0,625
"cog wars",0,626
"cold and dark official quick guide",0,627
"cold dark",0,628
"cold space",0,629
"cold steel wardens roleplaying in the iron age of comics",0,630
"colombia",0,631
"colonial gothic",0,632
"colonial gothic settings",0,633
"colonies",0,634
"colors of grey",0,635
"combat and conflict",0,636
"comic book super-heroes",0,637
"commando",0,638
"committee for the exploration of mysteries",0,639
"commonwealth space",0,640
"compact heroes",0,641
"complete dungeon squad ",0,642
"complete mafia",0,643
"complete warlock",0,644
"conan the roleplaying game",0,645
"conflict",0,646
"conquest of nerath",0,647
"conrad's fantasy",0,648
"conspiracy of shadows",0,649
"contenders",0,650
"continuum",0,651
"control: the game of absolute corruption",0,652
"core 7",0,653
"core command",0,654
"core elements",0,655
"corporation the roleplaying game",0,656
"corporia",0,657
"corporia quick start guide",0,658
"corps",0,659
"corruption",0,660
"corum",0,661
"cosa nostra",0,662
"cosmic journey",0,663
"cosmic patrol",0,664
"cosmic quest",0,665
"covert generation",0,666
"covert ops",0,667
"coyote trail expanded",0,668
"crawling for cash",0,669
"creations end",0,670
"creatures & caverns",0,671
"creeks & crawdads",0,672
"crimson cutlass",0,673
"crimson dragon slayer",0,674
"crimson dragon slayer 1 11",0,675
"crimson empire",0,676
"crimson exodus",0,677
"critter commandos",0,678
"crossroads",0,679
"crossroads of eternity",0,680
"cryptomancer",0,681
"crypts & things",0,682
"cryptworld",0,683
"cthulhu confidential",0,684
"cthulhu invictus companion",0,685
"cthulhu squad",0,686
"cthulhutech",0,687
"curse the darkness",0,688
"cursed life",0,689
"cut-fu",0,690
"cutthroat",0,691
"cybergeneration",0,692
"cyberpunk remix core rules",0,693
"cyberspace",0,694
"cyborg commando",0,695
"cyborg samurai are go ",0,696
"cypher system rulebook",0,697
"d d basic rules",0,698
"d d gamma world",0,699
"d d starter set",0,700
"d02 know no limit",0,701
"d20 3 5 core rules",0,702
"d20 modern roleplaying game",0,703
"d6 fantasy",0,704
"d6 space",0,705
"daemornia",0,706
"dallas",0,707
"dan s diminutive d20",0,708
"dance and the dawn",0,709
"danger international",0,710
"danger patrol",0,711
"danger quest",0,712
"dangers dweomers",0,713
"daredevils",0,714
"darerpg",0,715
"dark aeons",0,716
"dark ages mage",0,717
"dark ages werewolf",0,718
"dark albion the rose war",0,719
"dark alleys",0,720
"dark conspiracy",0,721
"dark conspiracy player s handbook",0,722
"dark conspiracy referee s guide",0,723
"dark continent",0,724
"dark eye",0,725
"dark heresy second edition core rule book",0,726
"dark inheritance",0,727
"dark realms",0,728
"dark refuge",0,729
"dark tales and disturbing legends",0,730
"dark waters",0,731
"darker dungeons",0,732
"darksword adventures",0,733
"darktown",0,734
"darkurthe legends",0,735
"darkwood",0,736
"darling grove",0,737
"darwin's world",0,738
"darwin s world survivor s handbook",0,739
"dash-in dungeons",0,740
"dawg",0,741
"dawn of fate",0,742
"dawnfire",0,743
"daytrippers",0,744
"daytrippers gamemasters guide",0,745
"dc adventures",0,746
"dc adventures quick start",0,747
"dc universe",0,748
"de profundis",0,749
"dead inside",0,750
"dead of night",0,751
"dead reign",0,752
"dead teenager rpg",0,753
"deadearth",0,754
"deadearth game master s handbook",0,755
"deadlands d20",0,756
"deadlands hell on earth",0,757
"deadlands noir",0,758
"death's door",0,759
"death school",0,760
"deathstalkers",0,761
"decartha prime",0,762
"deepsleep",0,763
"deliria",0,764
"delta force",0,765
"delta green agent s handbook",0,766
"deluxe hero wars",0,767
"delving deeper reference rules compendium",0,768
"delving deeper reference rules volume i the adventurer s handbook",0,769
"delving deeper reference rules volume ii the referee s guide",0,770
"demon city",0,771
"demon hunters",0,772
"demon hunters a comedy of terrors",0,773
"demon the descent",0,774
"demons saints",0,775
"deryni",0,776
"desert journey",0,777
"desolation",0,778
"desolation gamemaster s kit",0,779
"desolation journeys before after",0,780
"desolation survivor s kit",0,781
"desperados",0,782
"devil s crossroad",0,783
"diana: warrior princess",0,784
"diaspora",0,785
"dice & glory",0,786
"digital burn",0,787
"dinky dungeons",0,788
"dinosaur planet",0,789
"director's cut survival horror",0,790
"dirge",0,791
"dirty rotten scoundrels",0,792
"dirty world",0,793
"discordia",0,794
"discworld",0,795
"discworld roleplaying game second edition",0,796
"disgenesia",0,797
"divus ex",0,798
"do: pilgrims of the flying temple",0,799
"doctor jester",0,800
"doctor who",0,801
"doctor who adventures in time and space",0,802
"dog town",0,803
"dogs of w*a*r",0,804
"domicile a narrative roleplaying game of supernatural mystery",0,805
"dominion rules",0,806
"don't look back",0,807
"don't rest your head",0,808
"don t walk in the winter wood",0,809
"donjon",0,810
"donjonfeist the low fantasy rpg",0,811
"doom the next chapter",0,812
"double cross roleplaying game core rulebook",0,813
"doublezero",0,814
"dragon age dark fantasy roleplaying set 3",0,815
"dragon age quickstart guide",0,816
"dragon age roleplaying game core rulebook",0,817
"dragon age set 2",0,818
"dragon fist",0,819
"dragon storm",0,820
"dragon!",0,821
"dragonmech",0,822
"dragonnet",0,823
"dragonquest",0,824
"dragonraid",0,825
"dragonroar",0,826
"dragons at dawn",0,827
"dragons at dawn and twilight",0,828
"dragons of underearth",0,829
"dread",0,830
"dream askew",0,831
"dream park",0,832
"dreamcatcher",0,833
"dreamcatcher liquid crystal",0,834
"dreaming cities",0,835
"dreams dystopias",0,836
"dreamside",0,837
"drifter's escape",0,838
"droids",0,839
"drowning & falling",0,840
"duck trooper",0,841
"dude where's my car",0,842
"dude, run",0,843
"duel",0,844
"dunem",0,845
"dungeon bastards",0,846
"dungeon squad ",0,847
"dungeon squad adventures in the 41st millennium",0,848
"dungeon squad coin op",0,849
"dungeoneer",0,850
"dungeonesque gamemaster s guide",0,851
"dungeonesque player s guide",0,852
"dungeons dragons 3rd edition core rulebook gift set",0,853
"dungeons dragons 3rd edition player s handbook",0,854
"dungeons dragons 4th edition core rulebooks",0,855
"dungeons dragons 4th edition dungeon master s guide",0,856
"dungeons dragons 4th edition player s handbook",0,857
"dungeons dragons 4th edition quick start rules",0,858
"dungeons dragons 4th edition roleplaying game starter set",0,859
"dungeons dragons 5th edition dungeon master s guide",0,860
"dungeons dragons 5th edition player s handbook",0,861
"dungeons dragons adventure game",0,862
"dungeons dragons adventure game diablo ii edition",0,863
"dungeons dragons b x basic set",0,864
"dungeons dragons basic game",0,865
"dungeons dragons basic rulebook",0,866
"dungeons dragons basic set",0,867
"dungeons dragons becmi basic set",0,868
"dungeons dragons companion set",0,869
"dungeons dragons dragon quest game",0,870
"dungeons dragons expert rules",0,871
"dungeons dragons expert set",0,872
"dungeons dragons fantasy roleplaying game starter set",0,873
"dungeons dragons master set",0,874
"dungeons dragons miniatures game battle rules",0,875
"dungeons dragons player s kit",0,876
"dungeons dragons rules cyclopedia",0,877
"dungeons dragons set 5 immortals rules",0,878
"durance",0,879
"dust adventures",0,880
"duty & honour",0,881
"dystopia rising",0,882
"e20",0,883
"eaba",0,884
"early dark",0,885
"earthad.2",0,886
"earthdawn game master s guide",0,887
"earthdawn gamemaster s compendium",0,888
"earthdawn gamemaster s guide third edition",0,889
"earthdawn player s compendium",0,890
"earthdawn player s guide",0,891
"earthdawn player s guide third edition",0,892
"echoes",0,893
"eclipse phase quick start rules",0,894
"edara a steampunk renaissance revised",0,895
"eden: the deceit",0,896
"edge of darkness",0,897
"edge of midnight",0,898
"efuture tilesc",0,899
"eighth sea",0,900
"el-hazard",0,901
"eldrich quickstart and adventure",0,902
"eldritch",0,903
"eldritch ass kicking",0,904
"eldritch skies",0,905
"elegia",0,906
"element masters",0,907
"elfs",0,908
"elric of melnibon?",0,909
"ember twilight",0,910
"empire of dust",0,911
"empire of satanis",0,912
"en garde!",0,913
"enchanted worlds",0,914
"enchiridion",0,915
"encyclopedia of angels",0,916
"enemies of the imperium",0,917
"enemy gods: a little game of big powers",0,918
"enforcers",0,919
"engine heart",0,920
"engines empires core rules",0,921
"eoris essence",0,922
"eoris essence the third contact",0,923
"epées sorcellerie",0,924
"ephemeris",0,925
"epic role playing game manual",0,926
"epiphany",0,927
"epoch",0,928
"era survival",0,929
"era ten",0,930
"ert",0,931
"escape from tentacle city",0,932
"esperagents",0,933
"espionage!",0,934
"eternal soldier",0,935
"etherscope",0,936
"everlasting",0,937
"everquest",0,938
"everquest game master s guide",0,939
"everquest ii player s guide",0,940
"everstone",0,941
"ex machina",0,942
"exalted third edition",0,943
"exaltedquick",0,944
"excursion into the bizarre!",0,945
"executive decisions",0,946
"exemplars eidolons",0,947
"expanded worlds",0,948
"expendables",0,949
"exquisite replicas",0,950
"extraterrestrials sourcebook",0,951
"extreme vengeance",0,952
"ez supers",0,953
"fabled lands",0,954
"factions at war",0,955
"fading suns player s guide",0,956
"fae noir",0,957
"faery's tale",0,958
"faith the sci fi rpg",0,959
"fallen leaves",0,960
"fallout pnp",0,961
"fantasiarpg",0,962
"fantastic heroes witchery",0,963
"fantasy age basic rulebook",0,964
"fantasy concepts campaign resource",0,965
"fantasy earth",0,966
"fantasy heartbreaker",0,967
"fantasy heartbreaker roleplaying game 2nd edition",0,968
"fantasy hero",0,969
"fantasy imperium",0,970
"fantasy sagas",0,971
"fantasy wargaming",0,972
"far towers",0,973
"far west: amble's map",0,974
"farscape",0,975
"faserip",0,976
"fastlane",0,977
"fatal",0,978
"fate of the norns",0,979
"fate of the norns ragnarok",0,980
"fates worse than death",0,981
"fates worse than death spare change edition",0,982
"fearmonger",0,983
"fellowship of the white star",0,984
"feng shui",0,985
"feng shui 2",0,986
"field guide to encounters",0,987
"fifth cycle",0,988
"fight!",0,989
"fighting fantasy",0,990
"final destination roleplaying game",0,991
"final stand",0,992
"finsterland",0,993
"fire and sword",0,994
"fireborn",0,995
"fireborn player s handbook",0,996
"firefly role playing game",0,997
"firewall hack pack",0,998
"first quest",0,999
"five by five",0,1000
"flash gordono",0,1001
"flashing blades",0,1002
"flatland",0,1003
"flex",0,1004
"flower for mara",0,1005
"flux",0,1006
"for gold glory",0,1007
"forbidden kingdoms",0,1008
"foreign element",0,1009
"forever summer",0,1010
"forge",0,1011
"forging darkness",0,1012
"forgotten futures",0,1013
"formless collaborative roleplaying",0,1014
"forsooth",0,1015
"fortune's fool",0,1016
"forward to adventure",0,1017
"four colors al fresco",0,1018
"four colors faserip ",0,1019
"fox magic",0,1020
"free fate",0,1021
"freedom fighters",0,1022
"freemarket",0,1023
"freeport squad",0,1024
"frenzy",0,1025
"fringeworthy",0,1026
"frontier secrets",0,1027
"ftl 2448",0,1028
"ftl now",0,1029
"fu:",0,1030
"fubar",0,1031
"full clip: hong kong action",0,1032
"full light, full steam",0,1033
"full metal plate mail",0,1034
"funkin fists of fu",0,1035
"furry outlaws",0,1036
"furry pirates",0,1037
"future's edge",0,1038
"future king",0,1039
"future law",0,1040
"future worlds",0,1041
"fuzzy heroes",0,1042
"fvlminata",0,1043
"g core",0,1044
"g.o.r.e.",0,1045
"galactic science fiction adventures",0,1046
"galaxy prime",0,1047
"game master lodestar",0,1048
"gamemaster guide",0,1049
"gamemastery map pack jungle",0,1050
"gamma-trollworld",0,1051
"gamma world",0,1052
"gamma world game master s guide",0,1053
"gamma world player s handbook",0,1054
"gamma world rules supplement",0,1055
"ganakagok",0,1056
"gangbusters",0,1057
"gangbusters the blue book detective agency beginner game",0,1058
"gangster!",0,1059
"gard?siyal",0,1060
"gaslight victorian fantasy",0,1061
"gatecrasher",0,1062
"gaterunner",0,1063
"gatewar",0,1064
"gateway",0,1065
"gear krieg",0,1066
"gears",0,1067
"geasa",0,1068
"general mud",0,1069
"genesys",0,1070
"genius guide to feats of runic might",0,1071
"genrediversion",0,1072
"gentleman explorers",0,1073
"geodesic gnomes",0,1074
"get out get away get wise get back get even",0,1075
"ghastly affair player s manual",0,1076
"ghastly affair presenter s manual",0,1077
"ghettopocalypse",0,1078
"ghost dog",0,1079
"ghost echo",0,1080
"ghostories",0,1081
"ghosts of albion",0,1082
"gingerbread men",0,1083
"girls gone rogue",0,1084
"glory of yore",0,1085
"gnomemurdered",0,1086
"go fer yer gun",0,1087
"goblin quest",0,1088
"godbound",0,1089
"godlike",0,1090
"godsend agenda",0,1091
"golden heroes",0,1092
"great ork gods",0,1093
"grey matter",0,1094
"grey ranks",0,1095
"grey six",0,1096
"grunt",0,1097
"guardian omegaverse",0,1098
"guardian universe",0,1099
"guardian universe ii",0,1100
"guardian universe ii game master s guide",0,1101
"guardian universe ii player s handbook",0,1102
"guardians",0,1103
"guardians of metro city",0,1104
"gumshoe: the hard-boiled detective in the thirties",0,1105
"gun-fu",0,1106
"gun thief",0,1107
"gunslingers",0,1108
"gunslingers and gamblers",0,1109
"gurps basic set campaigns",0,1110
"gurps basic set characters",0,1111
"gurps basic set deluxe",0,1112
"gurps lite",0,1113
"gurps traveller 25th anniversary set",0,1114
"gym tanning laundry",0,1115
"h?rnmaster",0,1116
"hack-n-slash",0,1117
"hackmaster",0,1118
"hackmaster basic",0,1119
"hackmaster gamemaster s guide",0,1120
"hahlmabrea",0,1121
"haiiiii-ya",0,1122
"haiiiii ya cartoon martial arts combat",0,1123
"hammerax",0,1124
"hands of the muted god",0,1125
"happy birthday, robot",0,1126
"hardnova 2",0,1127
"hardwired hinterland",0,1128
"harp sf",0,1129
"harp the essentials",0,1130
"harp: high adventure role playing",0,1131
"harvesters",0,1132
"haven: city of violence",0,1133
"havoc brigade",0,1134
"hawkmoon",0,1135
"hawkmoon the roleplaying game",0,1136
"hc svnt dracones",0,1137
"hdl basic rules",0,1138
"headspace",0,1139
"heartquest",0,1140
"hearts & souls",0,1141
"heaven & earth",0,1142
"heaven earth game master s guide",0,1143
"heaven earth third edition",0,1144
"heavy gear",0,1145
"heavy ordnance",0,1146
"heimot",0,1147
"heirs to olympia",0,1148
"heirs to the lost world",0,1149
"helix",0,1150
"hell 4 leather",0,1151
"hell for leather",0,1152
"hellas",0,1153
"hellas quick start rules",0,1154
"hellcats and hockeysticks",0,1155
"her arcane service",0,1156
"hercules & xena",0,1157
"hercules xena roleplaying game hero s guide",0,1158
"hero's banner",0,1159
"hero's book",0,1160
"hero system",0,1161
"hero system fifth edition",0,1162
"hero system sidekick",0,1163
"hero system sixth edition volume 1 character creation",0,1164
"hero system sixth edition volume 2 combat adventuring",0,1165
"hero wars",0,1166
"hero wars narrator s book",0,1167
"heroes & heroines",0,1168
"heroes against darkness",0,1169
"heroes forever",0,1170
"heroes forever free rpg day package",0,1171
"heroes of olympus",0,1172
"heroes of the fallen lands",0,1173
"heroes other worlds",0,1174
"heroes unlimited",0,1175
"heroes wear masks",0,1176
"heroine",0,1177
"heroquest glorantha",0,1178
"hex division",0,1179
"hi/lo heroes",0,1180
"hidden kingdom",0,1181
"hidden kingdom 30th anniversary edition",0,1182
"hideouts & hoodlums",0,1183
"hideouts hoodlums book iii underworld and metropolis adventures",0,1184
"high colonies",0,1185
"high strung",0,1186
"high valor",0,1187
"highlander",0,1188
"hillfolk",0,1189
"hol human occupied landfill",0,1190
"hollow earth expedition",0,1191
"hollowpoint",0,1192
"holodomor",0,1193
"home by dark",0,1194
"hong kong action theatre!",0,1195
"honour",0,1196
"hoodoo blues",0,1197
"horror rules: the simply horrible roleplaying game",0,1198
"hostile",0,1199
"hot chicks",0,1200
"hounds of g.o.d.",0,1201
"house of horiku",0,1202
"houses of the blooded",0,1203
"how we came to live here",0,1204
"hub federation",0,1205
"hulks horrors",0,1206
"humanspace empires",0,1207
"hungry desperate and alone",0,1208
"hunter planet",0,1209
"hunting",0,1210
"hybrid",0,1211
"hyperborea",0,1212
"hyperborean mice",0,1213
"hyperlite",0,1214
"i, mordred",0,1215
"icar elements",0,1216
"icons",0,1217
"ikuisuuden laakso / valley of eternity",0,1218
"imagine masters manual",0,1219
"immortal invisible war narrator s guide",0,1220
"in flames",0,1221
"in harm's way",0,1222
"in harm s way aces and angels",0,1223
"in harm s way aces in spades",0,1224
"in harm s way dragons ",0,1225
"in harm s way pigboats",0,1226
"in harm s way starcluster",0,1227
"in harm s way wild blue",0,1228
"in nomine game",0,1229
"in the labyrinth",0,1230
"inception",0,1231
"incursion",0,1232
"indiana jones adventures",0,1233
"indie mixtape volume 1",0,1234
"indie mixtape volume 2",0,1235
"indie mixtape volume 3",0,1236
"inferno",0,1237
"infestation an rpg of bugs and heroes",0,1238
"infinem",0,1239
"infinite domains",0,1240
"infinite futures",0,1241
"infinite power",0,1242
"infinity the roleplaying game",0,1243
"ingenero",0,1244
"ingenium",0,1245
"insight fantasy core rules",0,1246
"insight rpg system core rulebook",0,1247
"inspectres",0,1248
"inspectres startup edition",0,1249
"instant lightspeed",0,1250
"interface zero",0,1251
"interstellar elite combat",0,1252
"invaderz",0,1253
"invulnerable",0,1254
"iridium",0,1255
"iron falcon",0,1256
"iron gauntlets",0,1257
"iron heroes",0,1258
"iron kingdoms core rules",0,1259
"ironclaw",0,1260
"ironhedge manifesto",0,1261
"isaroth",0,1262
"isotope",0,1263
"it's a dog's life",0,1264
"it came from the late, late, late show",0,1265
"it s complicated",0,1266
"it was a mutual decision",0,1267
"jadeclaw",0,1268
"jags",0,1269
"jags 2",0,1270
"james bond 007",0,1271
"james m. ward's metamorphosis alpha universe",0,1272
"january s frost",0,1273
"jaws of the six serpents",0,1274
"jeremiah",0,1275
"john carter",0,1276
"judge dredd",0,1277
"judge dredd the role playing game",0,1278
"jumpers",0,1279
"jung guns",0,1280
"jungle adventure",0,1281
"justice inc.",0,1282
"justifiers",0,1283
"kabal",0,1284
"kagematsu",0,1285
"karma",0,1286
"karma quick guide",0,1287
"karry on krawling v2",0,1288
"katanas trenchcoats",0,1289
"kayfabe",0,1290
"keltia",0,1291
"khaotic",0,1292
"kid universe",0,1293
"kids & critters",0,1294
"kids, castles & caves",0,1295
"kidworld",0,1296
"kill puppies for satan",0,1297
"killer thriller",0,1298
"king rat",0,1299
"kiss my axe",0,1300
"knights adventurous",0,1301
"knights of the round table",0,1302
"knuckleheads",0,1303
"kobolds ate my baby",0,1304
"kpachoapmee krasnoarmeets",0,1305
"krendel core",0,1306
"kromore 2145",0,1307
"kromosome",0,1308
"krone",0,1309
"kronos",0,1310
"kuro",0,1311
"l era di zargo",0,1312
"l ultima torcia",0,1313
"labyrinths & lycanthropes",0,1314
"lace & steel",0,1315
"lacuna",0,1316
"lady's rock",0,1317
"lady blackbird",0,1318
"lamentations of the flame princess",0,1319
"lamentations of the flame princess player core book rules magic",0,1320
"land of the rising sun",0,1321
"lands of adventure",0,1322
"lankhmar",0,1323
"larger than life the director s cut",0,1324
"laser squid nemesis",0,1325
"lashings of ginger beer",0,1326
"last exodus",0,1327
"last res0rt",0,1328
"last train out of warsaw",0,1329
"laundry",0,1330
"law s out",0,1331
"lawnmower man",0,1332
"lazer",0,1333
"leaves of chiaroscuro fate quickstart",0,1334
"legacy of the slayer",0,1335
"legacy of zorro",0,1336
"legacy: war of ages",0,1337
"legend of the burning sands",0,1338
"legend of the five rings",0,1339
"legend of the five rings game master s guide",0,1340
"legend of the five rings player s guide",0,1341
"legend of yore",0,1342
"legend tabletop",0,1343
"legendary lives",0,1344
"legendary lives referee s rulebook",0,1345
"legendary lives second edition",0,1346
"legendquest",0,1347
"legends of alyria",0,1348
"legends walk",0,1349
"legionnaire",0,1350
"legions of the petal throne",0,1351
"lejend master's lore",0,1352
"lejendary adventure essentials",0,1353
"lejendary adventure essentials rulebook",0,1354
"lejendary adventure quick start rules",0,1355
"lejendary adventures",0,1356
"lesser shades of evil",0,1357
"leverage",0,1358
"leverage companion vol 1",0,1359
"life and times of a teenage sorcerer",0,1360
"lightspeed",0,1361
"liquid crystal",0,1362
"listen up, you primitive screwheads",0,1363
"little fears nightmare edition",0,1364
"little wizards",0,1365
"live system",0,1366
"living legends",0,1367
"living steel",0,1368
"lone wolf adventure game",0,1369
"lone wolf multiplayer gamebook",0,1370
"long live the fighting men and magic users adventurer s handbook",0,1371
"longshot",0,1372
"loom",0,1373
"lord of the rings adventure game",0,1374
"lords of creation",0,1375
"lords of gossamer shadow",0,1376
"lords of harkanis",0,1377
"lords of olympus",0,1378
"lords of underearth",0,1379
"lost days of memories & madness",0,1380
"lost roads of lociam",0,1381
"lost souls",0,1382
"low fantasy gaming",0,1383
"lowell was right ",0,1384
"luftwaffe 1946",0,1385
"luther arkwright",0,1386
"lykarnia",0,1387
"m-force",0,1388
"m20 hard core",0,1389
"macabre",0,1390
"macabre tales",0,1391
"macchiato monsters zero",0,1392
"mach: the first colony",0,1393
"machinations of the space princess",0,1394
"macho women with guns",0,1395
"mads",0,1396
"maelstrom storytelling",0,1397
"magic frontiers",0,1398
"magic world",0,1399
"magical fury",0,1400
"magpie codex",0,1401
"maid:",0,1402
"majus",0,1403
"man myth magic",0,1404
"manhunter",0,1405
"marc miller's traveller",0,1406
"mars",0,1407
"mars colony",0,1408
"marvel heroic",0,1409
"marvel saga",0,1410
"marvel super heroes advanced set",0,1411
"maschine zeit",0,1412
"mascot-tan",0,1413
"mashed",0,1414
"masks",0,1415
"masks a new generation",0,1416
"master codex",0,1417
"masterbook",0,1418
"mastering iron heroes",0,1419
"masters of the universe",0,1420
"matchmaker",0,1421
"maximum xcrawl core rule book",0,1422
"mazes minotaurs maze masters guide",0,1423
"mazes minotaurs players manual",0,1424
"mazes perils core rules",0,1425
"mean streets mean villains",0,1426
"mecha",0,1427
"mecha & manga",0,1428
"mechamorphosis",0,1429
"mechanical dream",0,1430
"mechanika empires of blood steam",0,1431
"mechanoid invasion",0,1432
"mechwarrior",0,1433
"meddling kids",0,1434
"medieval mysteries",0,1435
"medieval rage",0,1436
"mega role-playing system",0,1437
"megatraveller",0,1438
"megatraveller imperial encyclopedia",0,1439
"megatraveller players manual",0,1440
"megatraveller referee s manual",0,1441
"mekton",0,1442
"mekton ii",0,1443
"mekton zeta",0,1444
"melanda",0,1445
"melee",0,1446
"mercenaries, spies & private eyes",0,1447
"mermaid adventures",0,1448
"metabarons",0,1449
"metal, magic and lore",0,1450
"metamorphosis alpha",0,1451
"metamorphosis alpha 4th edition",0,1452
"metamorphosis alpha collector s edition",0,1453
"metamorphosis alpha roleplaying game",0,1454
"metascape",0,1455
"metropole luxury coffin",0,1456
"mh?r",0,1457
"michtim",0,1458
"microcosm",0,1459
"microlite platinum",0,1460
"microlite storyteller",0,1461
"microlite20",0,1462
"microlite74",0,1463
"microlite74 special version i",0,1464
"microlite74 standard",0,1465
"microlite74 swords sorcery edition",0,1466
"microlite75 characters magic",0,1467
"microlite75 microlite74 extended",0,1468
"microlite75 options monsters",0,1469
"microlite81",0,1470
"microlite81 extended",0,1471
"micromechwarrior",0,1472
"middle-earth role playing",0,1473
"midnight at the well of souls",0,1474
"midsummer wood",0,1475
"midway city",0,1476
"mighty protectors",0,1477
"millennium's end",0,1478
"mindjammer the roleplaying game",0,1479
"mini six",0,1480
"misery bubblegum",0,1481
"mission st mary lemurian treaty port",0,1482
"misspent youth",0,1483
"mist-robed gate",0,1484
"mistborn",0,1485
"mob justice",0,1486
"modern-orc",0,1487
"modern d20 core kit",0,1488
"modern ops",0,1489
"modern path",0,1490
"modern20",0,1491
"modernity fight the darkness",0,1492
"modos 2",0,1493
"moirai",0,1494
"mongoose traveller first edition",0,1495
"mongoose traveller second edition",0,1496
"monkey, ninja, pirate, robote",0,1497
"monkeydome",0,1498
"monster coliseum",0,1499
"monster islandt",0,1500
"monsters & slayers",0,1501
"monsters and magic",0,1502
"monsters and other childish things",0,1503
"monsters and other childish things teacher s guide",0,1504
"monsters! monsters!",0,1505
"monte cook s world of darkness",0,1506
"montsegur",0,1507
"moros role playing game",0,1508
"morpheus",0,1509
"morrow project",0,1510
"mortal coil",0,1511
"mountain witch",0,1512
"mouse guard role playing game box set",0,1513
"mugshots",0,1514
"munchkin master s guide",0,1515
"mundi animalia",0,1516
"murderous ghosts",0,1517
"murphy's world",0,1518
"mutant bastards",0,1519
"mutant chronicles 3rd edition roleplaying game",0,1520
"mutant city blues",0,1521
"mutant crawl classics",0,1522
"mutant epoch",0,1523
"mutant future",0,1524
"mutant genlab alpha",0,1525
"mutant got gunz ",0,1526
"mutant scavengers of the ruined earth",0,1527
"mutant space cowboys",0,1528
"mutant year zero",0,1529
"mutants marvels",0,1530
"mutants masterminds hero s handbook",0,1531
"mutazoids",0,1532
"my little pony tails of equestria <U+0097> the storytelling game",0,1533
"my monster",0,1534
"myd20 lite player s guide",0,1535
"myriad",0,1536
"mysterious circumstances",0,1537
"mystery men ",0,1538
"mystic empyrean",0,1539
"mystic forces second edition",0,1540
"mystic quests",0,1541
"mystos the role playing game",0,1542
"myth magic game master s starter guide",0,1543
"myth magic starter kit",0,1544
"mythender",0,1545
"mytherian heroic fantasy",0,1546
"mythic mortals",0,1547
"mythic origins",0,1548
"mythic russia",0,1549
"mythras imperative",0,1550
"mythus",0,1551
"mythus prime",0,1552
"mythweaver",0,1553
"naked fubar fubar microlite",0,1554
"nameless streets",0,1555
"nanopunk",0,1556
"narosia sea of tears",0,1557
"narratives unlimited d10",0,1558
"naruto d20",0,1559
"nebuleon sfrpg",0,1560
"need to know",0,1561
"neighborhood",0,1562
"nemesis",0,1563
"neoclassical geek revival",0,1564
"neoexodus adventure",0,1565
"neon sanctum playtest kit",0,1566
"nephilim",0,1567
"neverwhen",0,1568
"neverwhere",0,1569
"neverworld",0,1570
"new gods of mankind",0,1571
"new world disorder",0,1572
"nexus",0,1573
"nicotine girls",0,1574
"night's black agents",0,1575
"night before christmas",0,1576
"nightbane",0,1577
"nightlife",0,1578
"nightmare worlds",0,1579
"nightmares of the dead dreamers",0,1580
"nights of the crusades",0,1581
"ninja & samurai",0,1582
"ninja burger",0,1583
"ninjas & superspies",0,1584
"no surrender",0,1585
"noctum",0,1586
"noir: the film noir role-playing game",0,1587
"nopress rpg anthology",0,1588
"norwegian style",0,1589
"noteworthy",0,1590
"noumenon",0,1591
"novus",0,1592
"now playing",0,1593
"nuissundus",0,1594
"o s r i c first edition",0,1595
"objective interim modern combat system",0,1596
"obsidian",0,1597
"octane",0,1598
"october s shadows",0,1599
"odysseus",0,1600
"odyssey prime",0,1601
"of gods and men",0,1602
"of gods heroes",0,1603
"og",0,1604
"ogl cybernet",0,1605
"ogl horror",0,1606
"ogre miniatures",0,1607
"old dragon",0,1608
"old school hack",0,1609
"omni system",0,1610
"omnifray",0,1611
"omnigon",0,1612
"on her majesty's arcane service",0,1613
"one can have her",0,1614
"one foot in the grave",0,1615
"only war game master s kit",0,1616
"open core core rules",0,1617
"opening the dark",0,1618
"openquest",0,1619
"openquest 2nd edition deluxe",0,1620
"openquest basic edition",0,1621
"operation: fallen reich",0,1622
"orbit",0,1623
"ork!",0,1624
"orkworld",0,1625
"orpheus",0,1626
"orxt",0,1627
"osric",0,1628
"other dust",0,1629
"other suns",0,1630
"other worlds",0,1631
"otherkind",0,1632
"otherverse america",0,1633
"our last best hope",0,1634
"out of the shadows",0,1635
"out there",0,1636
"outremer",0,1637
"ova",0,1638
"ova the anime role playing game revised edition",0,1639
"owl hoot trail",0,1640
"oz dark and terrible",0,1641
"p e r k the pretty easy roleplaying kit",0,1642
"paleomythic",0,1643
"pandemonio",0,1644
"pandemonio director guide",0,1645
"pandemonio player guide",0,1646
"pandemonium",0,1647
"pangenre",0,1648
"panty explosion",0,1649
"paradigm shift",0,1650
"paranoia high programmers",0,1651
"paranoia intsec",0,1652
"paranoia red clearance edition",0,1653
"pariah",0,1654
"pars fortuna fantasy rpg complete rules",0,1655
"part-time gods",0,1656
"passages",0,1657
"pax britannica",0,1658
"pax draconis rpg",0,1659
"pdq",0,1660
"perfect 20",0,1661
"perfect blue",0,1662
"perilous journeys",0,1663
"periphery",0,1664
"peryton",0,1665
"peryton fantasy",0,1666
"petal throne",0,1667
"phaethos",0,1668
"phantasy conclave",0,1669
"phase vii",0,1670
"phenomenon",0,1671
"phoenix command",0,1672
"pie shop",0,1673
"pigsmoke a roleplaying game of sorcerous academia",0,1674
"piledrivers & powerbombs",0,1675
"pirate squad ",0,1676
"pirates and plunder",0,1677
"pirates of dark water",0,1678
"pirates of the spanish main",0,1679
"pits perils",0,1680
"planet of darkness",0,1681
"platemail",0,1682
"play's the things",0,1683
"play extempore",0,1684
"player s guide to oathbound",0,1685
"player s handbook special holiday bundle",0,1686
"playin' in the streets",0,1687
"pneumaphagoi",0,1688
"pocket warrior",0,1689
"point of no return",0,1690
"poison'd",0,1691
"pok?thulhu",0,1692
"portal to adventure",0,1693
"posthuman pathways",0,1694
"pow",0,1695
"power of darkness",0,1696
"powergame",0,1697
"powers & perils",0,1698
"powers beyond",0,1699
"preternatural",0,1700
"price of freedom",0,1701
"primal order",0,1702
"prime directive",0,1703
"prime time adventures",0,1704
"primitive",0,1705
"prince valiant",0,1706
"princes' kingdom",0,1707
"princess game",0,1708
"private eye",0,1709
"privateers and gentlemen",0,1710
"professional wrestling",0,1711
"progenitor",0,1712
"project 74 fantasy roleplaying game",0,1713
"project a-ko",0,1714
"project h o p e ",0,1715
"promethean",0,1716
"promised sands",0,1717
"prophecy",0,1718
"prophecy player manual",0,1719
"prose descriptive qualities",0,1720
"proteus",0,1721
"prowlers paragons",0,1722
"ps238",0,1723
"psi-punk",0,1724
"psi world",0,1725
"psi*run",0,1726
"psibertroopers",0,1727
"psionics the next stage in human evolution",0,1728
"psychic warrior",0,1729
"psychobilly retropocalypse",0,1730
"pulp-fu",0,1731
"pumpkin town",0,1732
"puppetland",0,1733
"purgatory",0,1734
"qadardalikoi",0,1735
"qags",0,1736
"qi: living energy",0,1737
"quad",0,1738
"queer gaymes",0,1739
"querp modern core rule book",0,1740
"querp the gamemaster s companion",0,1741
"querpg",0,1742
"quest of the ancients",0,1743
"quest the storytelling game",0,1744
"questers of the middle realms",0,1745
"quick start cthulhu",0,1746
"quill",0,1747
"r a s h engine fantasy basic edition",0,1748
"r.a.ex.",0,1749
"r?gime diabolique",0,1750
"r?s",0,1751
"r?ve",0,1752
"radiance",0,1753
"radz",0,1754
"raex",0,1755
"raiders of the unknown",0,1756
"ralph bakshi's wizards",0,1757
"random anime",0,1758
"raspberry heaven",0,1759
"ratpack",0,1760
"rats in the walls",0,1761
"raven star",0,1762
"real ultimate power",0,1763
"realm antique",0,1764
"realm controller s manual",0,1765
"realm of yolmi",0,1766
"realms of chirak",0,1767
"realms of the unknown",0,1768
"reap the whirlwind",0,1769
"reaper madness",0,1770
"recon",0,1771
"recon the roleplaying game of the viet nam war",0,1772
"red box fantasy big book of baddies",0,1773
"red box fantasy gamemaster s guide",0,1774
"red box fantasy player s portfolio",0,1775
"red dwarf",0,1776
"red markets",0,1777
"redbox hack",0,1778
"refuge in audacity",0,1779
"reich star",0,1780
"reign",0,1781
"reign enchiridion",0,1782
"release",0,1783
"remember tomorrow",0,1784
"remnants",0,1785
"resolute",0,1786
"resolute the superhero rpg microlite edition",0,1787
"resolute, adventurer & genius",0,1788
"retro phaze",0,1789
"revelation",0,1790
"revised arduin a primer",0,1791
"rhand",0,1792
"ribbon drive",0,1793
"rifts chaos earth",0,1794
"ring of changes",0,1795
"ringworld",0,1796
"rippers",0,1797
"river of heaven",0,1798
"river of light",0,1799
"rivers and lakes",0,1800
"roanoke",0,1801
"roaring twilight",0,1802
"robert e howard s conan adventures in an age undreamed of",0,1803
"robot warriors",0,1804
"robotech the shadow chronicles role playing game",0,1805
"rocket age",0,1806
"rocketship empires",0,1807
"rogue mage",0,1808
"rogue marshal",0,1809
"rolemaster classic the essentials",0,1810
"rolemaster express",0,1811
"rolemaster fantasy role playing",0,1812
"rolemaster standard rules",0,1813
"rolemaster the basics",0,1814
"roma imperious",0,1815
"roshambo",0,1816
"rotted capes",0,1817
"rotworld",0,1818
"rpgkids",0,1819
"ruby",0,1820
"ruins ronin",0,1821
"rules to the game of dungeon",0,1822
"rumours",0,1823
"run out the guns",0,1824
"rune stryders",0,1825
"runequest adventures in glorantha",0,1826
"runequest essentials",0,1827
"runequest ii legend",0,1828
"runeslayer",0,1829
"rustbelt",0,1830
"s/lay w/me",0,1831
"s4: lost caverns",0,1832
"s6: isle of death",0,1833
"saga machine",0,1834
"sailor moon",0,1835
"sandman: map of halaal",0,1836
"santa's soldiers",0,1837
"savage world",0,1838
"savage worlds test drive",0,1839
"scarlet heroes",0,1840
"scarlet heroes quickstart edition",0,1841
"scavengers spacewrecks",0,1842
"schauermarchen",0,1843
"schoolgirl rpg",0,1844
"schoolgirl rpg complete edition",0,1845
"science ",0,1846
"score",0,1847
"sea dracula",0,1848
"searchers in spaaaace ",0,1849
"searchers of the unknown",0,1850
"searchers of the unknown d20 style",0,1851
"second coming the scifi roleplaying game",0,1852
"secret fire",0,1853
"secret of zir'an",0,1854
"secrets and lies",0,1855
"secrets in suburbia",0,1856
"secrets lies",0,1857
"secrets of the chi war",0,1858
"seeker",0,1859
"sengoku",0,1860
"senzar",0,1861
"septimus",0,1862
"serial homicide unit",0,1863
"sertorius",0,1864
"setnin sector",0,1865
"seven leagues",0,1866
"seven voyages of zylarthen volume 1 characters combat",0,1867
"seven voyages of zylarthen volume 2 book of monsters",0,1868
"seven voyages of zylarthen volume 3 book of magic",0,1869
"seven voyages of zylarthen volume 4 the campaign",0,1870
"seven13",0,1871
"seventh seal",0,1872
"shab-al-hiri",0,1873
"shades of earth",0,1874
"shades of fantasy",0,1875
"shadow nations",0,1876
"shadow of the demon lord",0,1877
"shadow project",0,1878
"shadow sword spell second edition",0,1879
"shadow, sword, & spell",0,1880
"shadowrun quick start rules",0,1881
"shadows of esteren",0,1882
"shadows of esteren 0 prologue",0,1883
"shadows of esteren 2 travels",0,1884
"shadows over sol",0,1885
"shakespearead",0,1886
"shambles",0,1887
"shamblington",0,1888
"shard basic compendium",0,1889
"shards of the stone",0,1890
"shattered dreams",0,1891
"shattered empires",0,1892
"shattered moon",0,1893
"shatterzone",0,1894
"shek-pvar",0,1895
"shell shock",0,1896
"sherlock holmes consulting detective",0,1897
"shields of power",0,1898
"shinobi samurai",0,1899
"shock:",0,1900
"shooting the moon",0,1901
"shotgun diaries",0,1902
"shriek",0,1903
"silent legions",0,1904
"silhouette",0,1905
"silver age sentinels",0,1906
"silver kiss of the magical twilight of the full moon",0,1907
"silvervine games",0,1908
"simian conquest",0,1909
"simple sixes",0,1910
"simple superheroes",0,1911
"simple system roleplaying game system",0,1912
"simple20",0,1913
"simply roleplaying!",0,1914
"sins of the father",0,1915
"skein a dark fantasy srd",0,1916
"sketch system",0,1917
"sketch!",0,1918
"skulduggery",0,1919
"skull & crossbones",0,1920
"skyrealms of jorune",0,1921
"sl?ine",0,1922
"sla industries",0,1923
"slasher flick",0,1924
"smallville",0,1925
"snakes on a plane",0,1926
"so ya wanna be a rock n' roll star!",0,1927
"soap",0,1928
"sojourner's quest",0,1929
"solipsist",0,1930
"solomon kane",0,1931
"somnambulance",0,1932
"song of ice and fire",0,1933
"song of the symbi",0,1934
"sons of liberty",0,1935
"soothsayer",0,1936
"sorcerer s symposium",0,1937
"sorcery & super science",0,1938
"sord",0,1939
"sotu refired",0,1940
"sovereign stone",0,1941
"space master",0,1942
"space quest",0,1943
"space rage",0,1944
"space rat",0,1945
"space squad ",0,1946
"space station",0,1947
"space: 1889",0,1948
"spaceship zero",0,1949
"spacetime",0,1950
"spark roleplaying game",0,1951
"spawn of fashan",0,1952
"spears of the dawn",0,1953
"spell law",0,1954
"spellcraft & swordplay",0,1955
"spider's dance",0,1956
"spirit of 77",0,1957
"spiritual warfare",0,1958
"spite",0,1959
"splicers",0,1960
"splinter",0,1961
"spookshow",0,1962
"spooky manor",0,1963
"squadron uk",0,1964
"squadron uk book 1 character creation",0,1965
"squadron uk book 2 combat and campaigns",0,1966
"squared circle",0,1967
"squawk",0,1968
"squirrel attack",0,1969
"stalker",0,1970
"star ace",0,1971
"star creation guide",0,1972
"star frontiers",0,1973
"star hero",0,1974
"star munchkin roleplaying game",0,1975
"star o r e ",0,1976
"star patrol",0,1977
"star riders",0,1978
"star rovers",0,1979
"star storm",0,1980
"star thugs",0,1981
"star trek adventures core rulebook",0,1982
"star trek narrator s guide",0,1983
"star trek role playing game",0,1984
"star trek roleplaying game player s guide",0,1985
"star trek starship tactical combat simulator",0,1986
"star trek: adventure gaming in the final frontier",0,1987
"star trek: the next generation",0,1988
"star wars age of rebellion",0,1989
"star wars age of rebellion beginner game",0,1990
"star wars core rulebook",0,1991
"star wars edge of the empire",0,1992
"star wars edge of the empire beginner game",0,1993
"star wars force and destiny core rulebook",0,1994
"star wreck",0,1995
"starblazer",0,1996
"starchildren",0,1997
"starcluster",0,1998
"starcluster 3 light edition",0,1999
"starcluster 3 the necklace",0,2000
"starcluster 4 cold space",0,2001
"starcluster 4 dark orbital",0,2002
"starcluster 4 free",0,2003
"starcluster 4 ftl now",0,2004
"starcluster 4 out of the ruins",0,2005
"starcluster 4 sabre world",0,2006
"starcluster 4 sweet chariot",0,2007
"starcluster 4 zero stage",0,2008
"starfaring",0,2009
"starfleet voyages",0,2010
"stargate",0,2011
"starleader: assault!",0,2012
"stars without number",0,2013
"starship troopers",0,2014
"starships & spacemen",0,2015
"starships spacemen second edition",0,2016
"starsiege",0,2017
"starsiege event horizon introductory manual",0,2018
"starter booklet",0,2019
"state secrets",0,2020
"steal 2.0",0,2021
"steal away jordan",0,2022
"steam warriors",0,2023
"steamcraft",0,2024
"stellar horizons",0,2025
"stellar wind",0,2026
"stocs",0,2027
"stork",0,2028
"storming the wizard's tower",0,2029
"stormland",0,2030
"stormrift",0,2031
"story engine",0,2032
"storycards roleplaying game",0,2033
"storytime chimera",0,2034
"strands of fate",0,2035
"strange world ready to play demo",0,2036
"strays",0,2037
"street fighter",0,2038
"strike force 7 mini mission 1",0,2039
"strikeforce",0,2040
"stuper powers",0,2041
"stuperpowers!",0,2042
"sufficiently advanced",0,2043
"summerland",0,2044
"super console",0,2045
"super crusaders",0,2046
"super squadron",0,2047
"superbabes",0,2048
"supercrew",0,2049
"supergame",0,2050
"supergame classic reprint",0,2051
"supergame third edition",0,2052
"superhero tacbooks",0,2053
"superhero: 2044",0,2054
"supermegatopia",0,2055
"supernatural adventures",0,2056
"superpets",0,2057
"supers inc.",0,2058
"supers!",0,2059
"supervillains",0,2060
"superworld",0,2061
"supplemental lore",0,2062
"suzerain",0,2063
"suzerain player s guide",0,2064
"swashbuckler",0,2065
"swashbucklers",0,2066
"swashbucklers of mars",0,2067
"swashbuckling",0,2068
"sweet agatha",0,2069
"sweet chariot",0,2070
"sweet chariot 2",0,2071
"sword's edge system",0,2072
"sword board",0,2073
"sword magic adventures on fomalhaut",0,2074
"sword noir",0,2075
"swordbearer",0,2076
"swords & glory",0,2077
"swords & wizardry",0,2078
"swords of fortune",0,2079
"swords of the middle kingdom",0,2080
"swords six siders",0,2081
"swords six siders player s book",0,2082
"swords wizardry complete rulebook",0,2083
"swords wizardry light",0,2084
"swords wizardry white box",0,2085
"swords wizardry whitebox book i of iv characters",0,2086
"swords wizardry whitebox book ii of iv spells",0,2087
"swords wizardry whitebox book iii of iv monsters",0,2088
"swords wizardry whitebox book iv of iv treasure",0,2089
"swordsmen & spellslingers",0,2090
"symbaroum core rulebook",0,2091
"synthicide",0,2092
"system reference document",0,2093
"systems failure",0,2094
"tab-system",0,2095
"tabloid",0,2096
"taiga",0,2097
"tainted lands",0,2098
"tales from the floating vagabond",0,2099
"tales from the wood",0,2100
"tales of gaea",0,2101
"tales of gargentihr",0,2102
"tales of the space princess sci fi adventure game",0,2103
"tales of wyn d'mere",0,2104
"taq",0,2105
"tdying earth",0,2106
"tech law",0,2107
"technogrammaton",0,2108
"technoir",0,2109
"ted&d: troy's enhanced dungeons & death",0,2110
"teenage mutant ninja turtles",0,2111
"teenagers from outer space",0,2112
"tékumel empire of the petal throne",0,2113
"tempora mutantur",0,2114
"tenchi muyo",0,2115
"terra devastada",0,2116
"terra incognita",0,2117
"terra primate",0,2118
"terran trade",0,2119
"terror network",0,2120
"terror thirteen",0,2121
"the agency",0,2122
"the arduin adventure",0,2123
"the bastards",0,2124
"the black hack",0,2125
"the blood hack",0,2126
"the bloody forks of the ohio",0,2127
"the bremen town musicians",0,2128
"the bugs of venus",0,2129
"the centauri republic fact book",0,2130
"the classic dungeons dragons game",0,2131
"the clay that woke",0,2132
"the codex",0,2133
"the company",0,2134
"the compleat arduin book one the rules",0,2135
"the crappiest rpg on earth",0,2136
"the dead",0,2137
"the dracula dossier director s handbook",0,2138
"the dresden files roleplaying game volume two our world",0,2139
"the dying earth revivification folio",0,2140
"the edge of midnight gm s screen",0,2141
"the end of the world zombie apocalypse",0,2142
"the essential fantasy earth",0,2143
"the everlasting book of the fantastical",0,2144
"the everlasting book of the unliving",0,2145
"the exchange",0,2146
"the far towers",0,2147
"the farm",0,2148
"the few",0,2149
"the filthy dozen",0,2150
"the final fantasy roleplaying game",0,2151
"the foundation",0,2152
"the gaean reach",0,2153
"the game of stories",0,2154
"the gothic age",0,2155
"the hero system basic rulebook",0,2156
"the hunt",0,2157
"the impulse rpg",0,2158
"the iron heroes bestiary",0,2159
"the kingdom of glass",0,2160
"the ladder",0,2161
"the last challenge",0,2162
"the lord of the rings roleplaying game core book",0,2163
"the mechanoid invasion trilogy",0,2164
"the mechanoids",0,2165
"the mongoose pocket games master s guide",0,2166
"the mongoose pocket player s handbook",0,2167
"the monster hunter international employees handbook and roleplaying game",0,2168
"the name of god",0,2169
"the nightmares underneath",0,2170
"the official superhero adventure game",0,2171
"the outer presence",0,2172
"the penguin harlequinade",0,2173
"the pocket rpg",0,2174
"the power",0,2175
"the rock awakens",0,2176
"the shadow of yesterday book 1 main rulebook",0,2177
"the singularity system",0,2178
"the suburban crucible",0,2179
"the system",0,2180
"the traveller s handbook",0,2181
"the warhammer fantasy roleplay rulebook",0,2182
"the warren",0,2183
"the whispering road",0,2184
"the window",0,2185
"the world of indiana jones",0,2186
"the world of synnibarr 3rd edition",0,2187
"theatrix",0,2188
"there is no spoon",0,2189
"thieves' guild",0,2190
"thieves guild 2",0,2191
"thieves guild 3 the duke s dress ball",0,2192
"thieves world rpg gift set",0,2193
"thirty",0,2194
"thousand and one nights",0,2195
"thousand suns",0,2196
"thrash",0,2197
"three black crows three dead men a gallows tale",0,2198
"three black crows, three dead men",0,2199
"thrilling noir stories",0,2200
"throwigames simple roleplaying system tsrs ",0,2201
"throwing stones fantasy",0,2202
"tibet",0,2203
"tibet monastic edition",0,2204
"time & temp",0,2205
"time & time again",0,2206
"time drifters",0,2207
"time lord",0,2208
"timelords",0,2209
"timemaster",0,2210
"timeship",0,2211
"timespan",0,2212
"timestream",0,2213
"timewatch",0,2214
"tinker's damn",0,2215
"tiny dungeon",0,2216
"tiny frontiers",0,2217
"to be a hero",0,2218
"to challenge tomorrow",0,2219
"token a simple rpg",0,2220
"tombs & terrors",0,2221
"tome of adventure",0,2222
"tomorrow knights",0,2223
"tools of ignorance",0,2224
"toon",0,2225
"toonzy the cartoon role playing game",0,2226
"tooth & claw",0,2227
"top secret s i ",0,2228
"top secret: espionage",0,2229
"torch sword",0,2230
"torg",0,2231
"torg introductory pack",0,2232
"totem",0,2233
"trail of cthulhu player s guide",0,2234
"traveller 2300",0,2235
"traveller book 0 an introduction to traveller",0,2236
"traveller book 1 characters and combat",0,2237
"traveller book 2 starships",0,2238
"traveller book 3 worlds and adventures",0,2239
"traveller book 9 adventurer",0,2240
"traveller hero book one adventurers in charted space",0,2241
"traveller hero book two adventure in charted space",0,2242
"traveller starter set",0,2243
"traveller the classic books",0,2244
"traveller the new era",0,2245
"traveller5",0,2246
"travellers of the wasteland",0,2247
"tri-stat dx",0,2248
"trials of the grail",0,2249
"trials of the magi",0,2250
"tribe 8",0,2251
"tribe 8 player s handbook",0,2252
"trinity quickstart",0,2253
"triumphant",0,2254
"triune legacy",0,2255
"trucker",0,2256
"true20 pocket player s guide",0,2257
"true20 quickstart rules",0,2258
"truth & justice",0,2259
"truth inc ",0,2260
"tulip academy",0,2261
"tunnelquest",0,2262
"tvrps",0,2263
"twenty four game poems",0,2264
"twerps",0,2265
"twilight 2013 stage i rules",0,2266
"twilight: 2013",0,2267
"two-fisted tales",0,2268
"two towers",0,2269
"two worlds",0,2270
"uber rpg steampunk",0,2271
"uchronia",0,2272
"ultimate power",0,2273
"ultramodern4",0,2274
"umbragia",0,2275
"uml?ut",0,2276
"unbidden",0,2277
"uncharted worlds",0,2278
"unchosen",0,2279
"under the bed",0,2280
"under the moons of zoon",0,2281
"underground",0,2282
"underworld",0,2283
"undiscovered",0,2284
"undiscovered player s codex",0,2285
"undiscovered:",0,2286
"unexplained",0,2287
"unistat",0,2288
"united citizens' federation",0,2289
"unity underground",0,2290
"universalis",0,2291
"universe primer",0,2292
"unknown armies book one play",0,2293
"unknown armies book three reveal",0,2294
"unknown armies book two run",0,2295
"unsanctioned",0,2296
"unsung",0,2297
"unsung tales",0,2298
"untitled",0,2299
"untold",0,2300
"untold apoc starter deck",0,2301
"untold aspects basic aspects",0,2302
"untold banes basic banes",0,2303
"untold basic drains",0,2304
"untold flux mutations",0,2305
"untold hostile hand gm s minions",0,2306
"untold klik starter deck",0,2307
"untold l na starter deck",0,2308
"untold powers core combat",0,2309
"untold qrc deck",0,2310
"unwritten adventures in the ages of myst beyond",0,2311
"urban faerie",0,2312
"urban knights",0,2313
"urban shadows",0,2314
"urchin",0,2315
"urge",0,2316
"usagi yojimbo",0,2317
"usagi yojimbo role playing game",0,2318
"uuhraah!",0,2319
"v20 the dark ages vampire the dark ages 20th anniversary edition",0,2320
"valedictorian's death",0,2321
"valence",0,2322
"valence tiny",0,2323
"valherjar",0,2324
"valiant girls",0,2325
"valiant universe the roleplaying game",0,2326
"valley of the pharaohs",0,2327
"valor",0,2328
"valour shield",0,2329
"vampire city",0,2330
"vampire discotheque",0,2331
"vampireintro",0,2332
"vanilla orc",0,2333
"vanishing point",0,2334
"veggie patch",0,2335
"ven?riv?",0,2336
"verge",0,2337
"vexith roleplaying game",0,2338
"victoria",0,2339
"victorian adventure",0,2340
"victoriana revised editions",0,2341
"victorious",0,2342
"viewscream",0,2343
"vigilance",0,2344
"vigilante",0,2345
"violence",0,2346
"volant",0,2347
"vow of honor roleplaying game",0,2348
"vox",0,2349
"vraanzannth",0,2350
"vs. monsters",0,2351
"vs. outlaws",0,2352
"waiting for the queen tea at midnight",0,2353
"walkabout",0,2354
"wanderer's romance",0,2355
"war machine",0,2356
"war of ashes fate of agaptus",0,2357
"war rage",0,2358
"warcosm",0,2359
"warhammer fantasy roleplay core set third edition",0,2360
"warhammer fantasy roleplay game master s guide",0,2361
"warhammer fantasy roleplay player s guide",0,2362
"warhammer fantasy roleplay player s vault",0,2363
"warlord s wager",0,2364
"warlords of the accordlands",0,2365
"warp world",0,2366
"warrior rogue and mage",0,2367
"warrior wizard basic rules",0,2368
"warriors of the red planet",0,2369
"wars roleplaying game",0,2370
"waste world",0,2371
"watchguard",0,2372
"waverly armageddon",0,2373
"way of war",0,2374
"way of wizardry",0,2375
"way out waste",0,2376
"wayfarers",0,2377
"wayfarers game master s reference book",0,2378
"wayfarers player s reference book",0,2379
"weapons of the gods",0,2380
"webs basic gaming system",0,2381
"wegs 101",0,2382
"weird war",0,2383
"weirdzone",0,2384
"welcome minions ",0,2385
"werewolf the apocalypse free introductory kit",0,2386
"western city",0,2387
"white dragon",0,2388
"white lies",0,2389
"white star",0,2390
"whitehack",0,2391
"whitehack second edition",0,2392
"wicked lies alibis",0,2393
"wild talents",0,2394
"wild west cinema",0,2395
"wild world wrestling",0,2396
"wilderness of mirrors",0,2397
"wildside",0,2398
"wind on the steppes",0,2399
"wire-fu",0,2400
"witch girls adventures",0,2401
"witch hunt",0,2402
"witch hunter",0,2403
"witches of n kai",0,2404
"with great power",0,2405
"wizard s world",0,2406
"wizards' realm",0,2407
"wizards and gunslingers",0,2408
"wizards of the three moons",0,2409
"wizards warriors wyrms",0,2410
"wolsung",0,2411
"wonderland no more",0,2412
"woodland warriors",0,2413
"woof meow",0,2414
"wordplay",0,2415
"wordplay core edition",0,2416
"world action and adventure",0,2417
"world of darkness innocents",0,2418
"world of darkness slasher",0,2419
"world of dew",0,2420
"world of onn",0,2421
"world of synnibarr",0,2422
"world tree",0,2423
"worlds beyond",0,2424
"worlds of wonder",0,2425
"wraeththu",0,2426
"wrath of the autarch",0,2427
"wu xing",0,2428
"wulin",0,2429
"wushu open",0,2430
"wuthering heights roleplay",0,2431
"wwe: know your role",0,2432
"wwf basic adventure game",0,2433
"wyrd-fu",0,2434
"wyrd is bond",0,2435
"wyshmaykers",0,2436
"x-plorers",0,2437
"xceptional",0,2438
"xcrawl",0,2439
"xpress",0,2440
"xsw: impact",0,2441
"xxvc",0,2442
"year of the phoenix",0,2443
"year of the zombie",0,2444
"year of the zombie dead future rebooted",0,2445
"yellow dawn the age of hastur",0,2446
"yesterday's tomorrows",0,2447
"yggdrasill",0,2448
"yoon suin",0,2449
"ysgarth rule system",0,2450
"zarrakan",0,2451
"zefrs",0,2452
"zen and the art of mayhem",0,2453
"zenobia",0,2454
"zodia sunset",0,2455
"zoids the role playing game",0,2456
"zombie cinema",0,2457
"zombie death town",0,2458
"zombie squad ",0,2459
"zombies ago-go!",0,2460
"zorcerer of zo",0,2461
"zweihänder grim perilous rpg",0,2462
